INSTANCE_NAME,IP,MACHINE_TYPE,CPU,MEMORY,DISK,STATUS,PROJECT,ENV,ENGAGEMENT,COST_CENTER,Running_hours
jiogames-prod-publisher-gpu-v1-1lsf,10.146.1.97,n1-standard-8,8,30.0 GB,200 GB,RUNNING,jiogames,prod,watch,jiowatch-prod,720
jiogames-prod-publisher-gpu-v1-fph0,10.146.1.48,n1-standard-8,8,30.0 GB,200 GB,RUNNING,jiogames,prod,watch,jiowatch-prod,720
jiogames-stage-publisher-gpu-v1-7nhq,10.147.1.59,n1-standard-2,2,7.5 GB,200 GB,RUNNING,jiogames,stage,watch,jiowatch-stage,308
adextend-admin,10.3.2.33,e2-highcpu-2,2,2.0 GB,50 GB,TERMINATED,jioengage,prod,adextend,bigticket-prod,720
adextend-admin-dev,10.2.3.5,e2-small,2,2.0 GB,30 GB,RUNNING,jioengage,dev,adextend,bigticket-dev,308
adextend-mongo-master,10.3.1.12,e2-custom-2-4096,2,4.0 GB,50 GB,RUNNING,jioengage,prod,adextend,bigticket-prod,720
adextend-mongo-replica,10.3.1.13,e2-custom-2-4096,2,4.0 GB,50 GB,RUNNING,jioengage,prod,adextend,bigticket-prod,720
adextend-redis,10.3.4.21,e2-medium,2,4.0 GB,30 GB,RUNNING,jioengage,prod,adextend,bigticket-prod,720
adextend-sc-1,10.3.16.181,e2-highcpu-2,2,2.0 GB,50 GB,RUNNING,jioengage,prod,adextend,bigticket-prod,720
adextend-sc-2,10.3.16.182,e2-medium,2,4.0 GB,50 GB,TERMINATED,jioengage,prod,adextend,bigticket-prod,720
adxtend-predict-01,10.6.1.2,n2-standard-8,8,32.0 GB,50 GB,TERMINATED,datascience,prod,datascience,datascience-prod,720
adxtend-train,10.6.1.3,n2-standard-16,16,64.0 GB,50 GB,RUNNING,datascience,prod,datascience,datascience-prod,720
bigboss-dev,10.2.3.4,e2-medium,2,4.0 GB,30 GB,RUNNING,jioengage,dev,bigboss,brand-dev,308
bingo-dev,10.2.3.9,e2-small,2,2.0 GB,30 GB,RUNNING,jioengage,dev,bingo,brand-dev,308
cadbury-vday-dev,10.2.3.10,e2-medium,2,4.0 GB,50 GB,RUNNING,jioengage,dev,cadbury,brand-dev,308
cds-jiogames-admin,10.7.2.3,n2-custom-2-4096,2,4.0 GB,200 GB,RUNNING,jcn,prod,coupon,jcn-prod,720
cds-jiogames-appserver-1,10.7.1.6,n2-highcpu-2,2,2.0 GB,50 GB,RUNNING,jcn,prod,coupon,jcn-prod,720
cds-jiogames-appserver-2,10.7.1.7,n2-highcpu-2,2,2.0 GB,50 GB,TERMINATED,jcn,prod,coupon,jcn-prod,720
cds-jiogames-dev,10.2.3.32,e2-medium,2,4.0 GB,100 GB,RUNNING,jcn,dev,coupon,jcn-dev,308
cds-jiogames-mongo-master-1,10.7.3.4,n2-custom-2-4096,2,4.0 GB,150 GB,RUNNING,jcn,prod,coupon,jcn-prod,720
cds-jiogames-mongo-replica-1,10.7.3.5,n2-custom-2-4096,2,4.0 GB,150 GB,RUNNING,jcn,prod,coupon,jcn-prod,720
cds-jiogames-redis-rabbitmq,10.7.5.3,n2-custom-2-4096,2,4.0 GB,50 GB,RUNNING,jcn,prod,coupon,jcn-prod,720
cds-recharge-prod-api,10.3.16.18,n2-custom-2-4096,2,4.0 GB,50 GB,TERMINATED,jcn,prod,coupon,jcn-prod,720
central-admin,10.3.2.3,n2-custom-2-4096,2,4.0 GB,50 GB,RUNNING,jioengage,prod,common,bigticket-prod,720
central-admin-dev,10.2.3.6,e2-custom-4-8192,4,8.0 GB,100 GB,RUNNING,jioengage,prod,central,bigticket-prod,720
central-rabbitmq,10.3.3.3,n2-custom-2-4096,2,4.0 GB,30 GB,RUNNING,jioengage,prod,common,bigticket-prod,720
central-redis,10.3.4.2,n2-custom-2-4096,2,4.0 GB,30 GB,RUNNING,jioengage,prod,common,bigticket-prod,720
coupon-dev,10.2.3.8,e2-standard-4,4,16.0 GB,100 GB,RUNNING,jcn,dev,coupon,jcn-dev,308
coupon-grafana,10.3.18.178,n2-highcpu-8,8,8.0 GB,100 GB,RUNNING,jcn,prod,coupon,jcn-prod,720
coupon-monitoring,10.3.18.151,n2-standard-4,4,16.0 GB,100 GB,RUNNING,jcn,prod,coupon,jcn-prod,720
coupon-preprod,10.2.3.236,e2-standard-4,4,16.0 GB,100 GB,RUNNING,jcn,dev,coupon,jcn-dev,308
coupon-prod-admin,10.3.2.40,n2-standard-4,4,16.0 GB,300 GB,RUNNING,jcn,prod,coupon,jcn-prod,720
coupon-prod-api-1,10.3.16.189,n2-standard-8,8,32.0 GB,100 GB,RUNNING,jcn,prod,coupon,jcn-prod,720
coupon-prod-api-2,10.3.17.162,n2-standard-8,8,32.0 GB,100 GB,RUNNING,jcn,prod,coupon,jcn-prod,720
coupon-prod-api-3,10.3.17.163,n2-standard-8,8,32.0 GB,100 GB,RUNNING,jcn,prod,coupon,jcn-prod,720
coupon-prod-api-4,10.3.17.164,n2-standard-8,8,32.0 GB,100 GB,RUNNING,jcn,prod,coupon,jcn-prod,720
coupon-prod-assignment-server,10.3.2.192,n2-custom-8-16384,8,16.0 GB,100 GB,RUNNING,jcn,prod,coupon,jcn-prod,720
coupon-prod-mongo-master,10.3.1.17,n2-standard-32,32,128.0 GB,350 GB,RUNNING,jcn,prod,coupon,jcn-prod,720
coupon-prod-mongo-replica,10.3.1.18,n2-standard-32,32,128.0 GB,350 GB,RUNNING,jcn,prod,coupon,jcn-prod,720
coupon-prod-mongo-replica-2,10.3.1.33,n2-standard-32,32,128.0 GB,350 GB,RUNNING,jcn,prod,coupon,jcn-prod,720
coupon-prod-mongo-replica-3,10.3.1.34,n2-standard-32,32,128.0 GB,200 GB,TERMINATED,jcn,prod,coupon,jcn-prod,720
coupon-qa,10.2.3.63,e2-custom-2-4096,2,4.0 GB,50 GB,RUNNING,jioengage,dev,coupon,jcn-dev,308
coupon-redis-rabbitmq,10.3.3.18,n2-highmem-16,16,128.0 GB,300 GB,RUNNING,jcn,prod,coupon,jcn-prod,720
coupon-search,10.2.3.65,e2-standard-4,4,16.0 GB,50 GB,RUNNING,jcn,dev,coupon,jcn-dev,308
coupon-stage-app,10.2.3.20,e2-custom-2-4096,2,4.0 GB,100 GB,RUNNING,jcn,dev,coupon,jcn-prod,308
datascience-dev-bastion,10.5.2.3,e2-small,2,2.0 GB,50 GB,TERMINATED,datascience,dev,datascience,datascience-dev,308
datascience-prod-bastion,10.6.2.2,e2-small,2,2.0 GB,50 GB,RUNNING,datascience,prod,datascience,datascience-prod,720
devops-testing,10.2.3.235,e2-medium,2,4.0 GB,30 GB,RUNNING,jioengage,dev,devops,devops,308
diy-dev-app,10.2.3.24,e2-medium,2,4.0 GB,30 GB,RUNNING,jioengage,dev,diy,bigticket-dev,308
ds-dev-2,10.5.1.8,n2-highcpu-64,64,64.0 GB,50 GB,TERMINATED,datascience,dev,datascience,datascience-dev,308
ds-dev-gpu,10.6.1.17,custom-6-32768,6,32.0 GB,200 GB,TERMINATED,datascience,dev,datascience,datascience-dev,308
ds-dev1,10.5.1.3,e2-standard-8,8,32.0 GB,200 GB,TERMINATED,datascience,dev,datascience,datascience-dev,308
ds-prod,10.6.1.19,n2-custom-8-49152,8,48.0 GB,200 GB,RUNNING,datascience,prod,datascience,datascience-prod,720
ds-speech-1,10.5.1.4,e2-standard-8,8,32.0 GB,50 GB,TERMINATED,datascience,dev,datascience,datascience-dev,308
engage-admin-vm,10.3.2.24,e2-medium,2,4.0 GB,50 GB,TERMINATED,jioengage,prod,common,devops,720
engage-jenkins-1,10.2.3.37,n2-custom-4-8192,4,8.0 GB,60 GB,TERMINATED,jioengage,dev,jenkins-pipeline,devops,308
engage-jenkins-ansible,10.2.3.47,n2-standard-2,2,8.0 GB,30 GB,TERMINATED,jioengage,dev,jenkins-pipeline,devops,308
engage-logs,10.3.16.12,n2-custom-4-8192,4,8.0 GB,3072 GB,RUNNING,jioengage,prod,common,brand-prod,720
engage-rewards-appserver-1,10.3.16.188,e2-medium,2,4.0 GB,50 GB,RUNNING,jioengage,prod,engage-rewards,jcn-prod,720
engage-rewards-appserver-2,10.3.17.20,e2-medium,2,4.0 GB,50 GB,RUNNING,jioengage,prod,engage-rewards,jcn-prod,720
engage-rewards-appserver-3,10.3.17.21,e2-medium,2,4.0 GB,50 GB,RUNNING,jioengage,prod,engage-rewards,jcn-prod,720
engage-rewards-appserver-4,10.3.17.22,e2-medium,2,4.0 GB,50 GB,RUNNING,jioengage,prod,engage-rewards,jcn-prod,720
engage-rewards-appserver-5,10.3.17.23,e2-medium,2,4.0 GB,50 GB,RUNNING,jioengage,prod,engage-rewards,jcn-prod,720
engage-rewards-rabbitmq,10.3.3.17,e2-medium,2,4.0 GB,30 GB,RUNNING,jioengage,prod,engage-rewards,jcn-prod,720
engage-rewards-redis,10.3.4.28,e2-medium,2,4.0 GB,30 GB,RUNNING,jioengage,prod,engage-rewards,jcn-prod,720
engagement-1-admin-1,10.3.2.18,e2-small,2,2.0 GB,50 GB,TERMINATED,jioengage,prod,engagement-1,brand-prod,720
engagement-1-admin-2,10.3.2.19,e2-small,2,2.0 GB,50 GB,RUNNING,jioengage,prod,engagement-1,brand-prod,720
engagement-1-admin-3,10.3.2.20,e2-small,2,2.0 GB,50 GB,TERMINATED,jioengage,prod,engagement-1,brand-prod,720
engagement-1-appserver-1,10.3.16.7,e2-medium,2,4.0 GB,50 GB,RUNNING,jioengage,prod,engagement-1,brand-prod,720
engagement-1-appserver-2,10.3.16.24,e2-medium,2,4.0 GB,50 GB,RUNNING,jioengage,prod,engagement-1,brand-prod,720
engagement-1-rabbitmq,10.3.3.8,e2-medium,2,4.0 GB,30 GB,RUNNING,jioengage,prod,engagement-1,brand-prod,720
engagement-1-redis-1,10.3.4.11,e2-small,2,2.0 GB,30 GB,TERMINATED,jioengage,prod,engagement-1,brand-prod,720
engagement-1-redis-2,10.3.4.12,e2-small,2,2.0 GB,30 GB,RUNNING,jioengage,prod,engagement-1,brand-prod,720
engagement-1-redis-3,10.3.4.13,e2-small,2,2.0 GB,30 GB,TERMINATED,jioengage,prod,engagement-1,brand-prod,720
engagement-2-admin-1,10.3.2.21,n2-highcpu-2,2,2.0 GB,50 GB,RUNNING,jioengage,prod,engagement-2,brand-prod,720
engagement-2-admin-2,10.3.2.22,e2-small,2,2.0 GB,50 GB,RUNNING,jioengage,prod,engagement-2,brand-prod,720
engagement-2-admin-3,10.3.2.23,e2-small,2,2.0 GB,50 GB,TERMINATED,jioengage,prod,engagement-2,brand-prod,720
engagement-2-appserver-1,10.3.16.8,n2-custom-2-4096,2,4.0 GB,50 GB,RUNNING,jioengage,prod,engagement-2,brand-prod,720
engagement-2-appserver-2,10.3.16.11,n2-custom-2-4096,2,4.0 GB,50 GB,RUNNING,jioengage,prod,engagement-2,brand-prod,720
engagement-2-rabbitmq,10.3.3.9,e2-medium,2,4.0 GB,30 GB,RUNNING,jioengage,prod,engagement-2,brand-prod,720
engagement-2-redis-1,10.3.4.14,e2-small,2,2.0 GB,30 GB,RUNNING,jioengage,prod,engagement-2,brand-prod,720
engagement-2-redis-2,10.3.4.15,n2-highcpu-2,2,2.0 GB,30 GB,RUNNING,jioengage,prod,engagement-2,brand-prod,720
engagement-2-redis-3,10.3.4.16,e2-small,2,2.0 GB,30 GB,TERMINATED,jioengage,prod,engagement-2,brand-prod,720
engagement-3-admin-1,10.3.2.27,e2-small,2,2.0 GB,50 GB,TERMINATED,jioengage,prod,engagement-3,brand-prod,720
engagement-3-admin-2,10.3.2.28,e2-small,2,2.0 GB,50 GB,TERMINATED,jioengage,prod,engagement-3,brand-prod,720
engagement-3-admin-3,10.3.2.29,e2-small,2,2.0 GB,50 GB,RUNNING,jioengage,prod,engagement-3,brand-prod,720
engagement-3-appserver-1,10.3.16.17,e2-medium,2,4.0 GB,50 GB,RUNNING,jioengage,prod,engagement-3,brand-prod,720
engagement-3-appserver-2,10.3.16.25,e2-medium,2,4.0 GB,50 GB,RUNNING,jioengage,prod,engagement-3,brand-prod,720
engagement-3-rabbitmq,10.3.3.11,e2-medium,2,4.0 GB,30 GB,RUNNING,jioengage,prod,engagement-3,brand-prod,720
engagement-3-redis-1,10.3.4.17,n2-standard-2,2,8.0 GB,30 GB,TERMINATED,jioengage,prod,engagement-3,brand-prod,720
engagement-3-redis-2,10.3.4.18,e2-small,2,2.0 GB,30 GB,TERMINATED,jioengage,prod,engagement-3,brand-prod,720
engagement-3-redis-3,10.3.4.19,e2-small,2,2.0 GB,30 GB,RUNNING,jioengage,prod,engagement-3,brand-prod,720
engagement-4-admin-1,10.3.2.43,e2-small,2,2.0 GB,50 GB,RUNNING,jioengage,prod,engagement-4,brand-prod,720
engagement-4-admin-2,10.3.2.44,e2-medium,2,4.0 GB,50 GB,RUNNING,jioengage,prod,engagement-4,brand-prod,720
engagement-4-admin-3,10.3.2.45,e2-small,2,2.0 GB,50 GB,RUNNING,jioengage,prod,engagement-4,brand-prod,720
engagement-4-appserver-1,10.3.17.24,e2-medium,2,4.0 GB,50 GB,RUNNING,jioengage,prod,engagement-4,brand-prod,720
engagement-4-appserver-2,10.3.17.25,e2-medium,2,4.0 GB,50 GB,RUNNING,jioengage,prod,engagement-4,brand-prod,720
engagement-4-rabbitmq-1,10.3.3.19,e2-medium,2,4.0 GB,30 GB,RUNNING,jioengage,prod,engagement-4,brand-prod,720
engagement-4-redis-1,10.3.4.30,e2-small,2,2.0 GB,30 GB,RUNNING,jioengage,prod,engagement-4,brand-prod,720
engagement-4-redis-2,10.3.4.31,e2-highcpu-2,2,2.0 GB,30 GB,RUNNING,jioengage,prod,engagement-4,brand-prod,720
engagement-4-redis-3,10.3.4.32,e2-small,2,2.0 GB,30 GB,RUNNING,jioengage,prod,engagement-4,brand-prod,720
engagement-mongo-1,10.3.1.4,n2-standard-8,8,32.0 GB,300 GB,RUNNING,jioengage,prod,common-mongo,brand-prod,720
engagement-mongo-2,10.3.1.5,n2-standard-8,8,32.0 GB,150 GB,RUNNING,jioengage,prod,common-mongo,brand-prod,720
ey-audit,10.3.17.182,n2-highmem-8,8,64.0 GB,1024 GB,TERMINATED,jioengage,prod,common,bigticket-prod,720
faceswap-1,10.6.1.4,e2-standard-8,8,32.0 GB,50 GB,RUNNING,datascience,prod,datascience,datascience-prod,720
faceswap-10,10.6.1.13,e2-standard-8,8,32.0 GB,50 GB,TERMINATED,datascience,prod,datascience,datascience-prod,720
faceswap-2,10.6.1.5,e2-standard-8,8,32.0 GB,50 GB,TERMINATED,datascience,prod,datascience,datascience-prod,720
faceswap-3,10.6.1.14,e2-standard-8,8,32.0 GB,50 GB,TERMINATED,datascience,prod,datascience,datascience-prod,720
faceswap-4,10.6.1.8,e2-standard-8,8,32.0 GB,50 GB,TERMINATED,datascience,prod,datascience,datascience-prod,720
faceswap-5,10.6.1.9,e2-standard-8,8,32.0 GB,50 GB,TERMINATED,datascience,prod,datascience,datascience-prod,720
faceswap-6,10.6.1.15,e2-standard-8,8,32.0 GB,50 GB,TERMINATED,datascience,prod,datascience,datascience-prod,720
faceswap-7,10.6.1.10,e2-standard-8,8,32.0 GB,50 GB,TERMINATED,datascience,prod,datascience,datascience-prod,720
faceswap-8,10.6.1.11,e2-standard-8,8,32.0 GB,50 GB,TERMINATED,datascience,prod,datascience,datascience-prod,720
faceswap-9,10.6.1.12,e2-standard-8,8,32.0 GB,50 GB,TERMINATED,datascience,prod,datascience,datascience-prod,720
fantasy-admin-dev,10.2.3.12,e2-small,2,2.0 GB,30 GB,RUNNING,jioengage,dev,fantasy,bigticket-dev,308
feed-server,10.3.2.4,e2-small,2,2.0 GB,50 GB,RUNNING,jioengage,prod,common,bigticket-prod,720
gameswatch-logger-dev,10.148.1.48,e2-medium,2,4.0 GB,30 GB,RUNNING,jiogames,dev,watch,jiowatch-dev,308
gameswatch-logger-prod,10.146.1.123,n2-custom-2-4096,2,4.0 GB,30 GB,RUNNING,jiogames,prod,watch,jiowatch-prod,720
gameswatch-logger-stage,10.147.1.62,e2-small,2,2.0 GB,30 GB,RUNNING,jiogames,stage,watch,jiowatch-stage,308
generation-1,10.2.3.213,g1-small,1,1.69921875 GB,30 GB,RUNNING,jioengage,dev,test,brand-dev,308
ipl-dev,10.2.3.7,e2-medium,2,4.0 GB,100 GB,RUNNING,jioengage,dev,jcpa,bigticket-dev,308
ipl2020-staging,10.2.3.21,n2-standard-2,2,8.0 GB,50 GB,RUNNING,jioengage,dev,jcpa,bigticket-dev,308
isl-feed-si,10.3.2.46,e2-small,2,2.0 GB,100 GB,RUNNING,jioengage,prod,isl,brand-prod,720
isl-jiotv-admin,10.3.2.47,e2-medium,2,4.0 GB,50 GB,RUNNING,jioengage,prod,isl,brand-prod,720
isl-jiotv-hap,10.3.8.69,e2-medium,2,4.0 GB,30 GB,RUNNING,jioengage,prod,isl,brand-prod,720
isl-jiotv-hap-2,10.3.8.30,e2-medium,2,4.0 GB,30 GB,RUNNING,jioengage,prod,isl,brand-prod,720
isl-jiotv-hap-3,10.3.8.63,e2-medium,2,4.0 GB,30 GB,RUNNING,jioengage,prod,isl,brand-prod,720
isl-jiotv-hap-4,10.3.8.109,e2-medium,2,4.0 GB,30 GB,TERMINATED,jioengage,prod,isl,brand-prod,720
isl-jiotv-hap-5,10.3.8.120,e2-medium,2,4.0 GB,30 GB,TERMINATED,jioengage,prod,isl,brand-prod,720
isl-jiotv-mongo-master,10.3.1.21,e2-medium,2,4.0 GB,50 GB,RUNNING,jioengage,prod,isl,brand-prod,720
isl-jiotv-mongo-replica,10.3.1.22,e2-medium,2,4.0 GB,50 GB,RUNNING,jioengage,prod,isl,brand-prod,720
isl-jiotv-rabbitmq,10.3.3.20,n2-standard-2,2,8.0 GB,30 GB,RUNNING,jioengage,prod,isl,brand-prod,720
isl-jiotv-sc-app-1,10.3.17.26,e2-custom-8-16384,8,16.0 GB,50 GB,RUNNING,jioengage,prod,isl,brand-prod,720
isl-jiotv-sc-app-10,10.3.17.147,e2-custom-8-16384,8,16.0 GB,50 GB,TERMINATED,jioengage,prod,isl,brand-prod,720
isl-jiotv-sc-app-2,10.3.17.27,e2-custom-8-16384,8,16.0 GB,50 GB,RUNNING,jioengage,prod,isl,brand-prod,720
isl-jiotv-sc-app-3,10.3.17.136,e2-custom-8-16384,8,16.0 GB,50 GB,RUNNING,jioengage,prod,isl,brand-prod,720
isl-jiotv-sc-app-4,10.3.17.139,e2-custom-8-16384,8,16.0 GB,50 GB,RUNNING,jioengage,prod,isl,brand-prod,720
isl-jiotv-sc-app-5,10.3.17.140,e2-custom-8-16384,8,16.0 GB,50 GB,RUNNING,jioengage,prod,isl,brand-prod,720
isl-jiotv-sc-app-6,10.3.17.142,e2-custom-8-16384,8,16.0 GB,50 GB,RUNNING,jioengage,prod,isl,brand-prod,720
isl-jiotv-sc-app-7,10.3.17.143,e2-custom-8-16384,8,16.0 GB,50 GB,TERMINATED,jioengage,prod,isl,brand-prod,720
isl-jiotv-sc-app-8,10.3.17.145,e2-custom-8-16384,8,16.0 GB,50 GB,TERMINATED,jioengage,prod,isl,brand-prod,720
isl-jiotv-sc-app-9,10.3.17.146,e2-custom-8-16384,8,16.0 GB,50 GB,TERMINATED,jioengage,prod,isl,brand-prod,720
isl-twemproxy-instancegroup-20221006-0w2d,10.3.8.60,e2-medium,2,4.0 GB,50 GB,RUNNING,jioengage,prod,jcpa,bigticket-prod,720
isl-twemproxy-instancegroup-20221006-61lt,10.3.8.119,e2-medium,2,4.0 GB,50 GB,RUNNING,jioengage,prod,jcpa,bigticket-prod,720
isl-twemproxy-instancegroup-20221006-fpgg,10.3.8.174,e2-medium,2,4.0 GB,50 GB,RUNNING,jioengage,prod,jcpa,bigticket-prod,720
isl-twemproxy-instancegroup-20221006-gh54,10.3.8.173,e2-medium,2,4.0 GB,50 GB,RUNNING,jioengage,prod,jcpa,bigticket-prod,720
isl-twemproxy-instancegroup-20221006-wcmd,10.3.8.166,e2-medium,2,4.0 GB,50 GB,RUNNING,jioengage,prod,jcpa,bigticket-prod,720
jcn-bastion,10.10.6.2,n2-custom-2-4096,2,4.0 GB,200 GB,RUNNING,jcn,prod,bastion,jcn-prod,720
jcn-coupon-admin,10.10.2.2,n2-standard-4,4,16.0 GB,100 GB,RUNNING,jcn,prod,coupon,jcn-prod,720
jcn-coupon-api-1,10.10.1.2,n2-standard-8,8,32.0 GB,100 GB,RUNNING,jcn,prod,coupon,jcn-prod,720
jcn-coupon-assignment,10.10.2.3,n2-standard-4,4,16.0 GB,100 GB,RUNNING,jcn,prod,coupon,jcn-prod,720
jcn-coupon-es-primay,10.10.5.3,n2-highmem-8,8,64.0 GB,500 GB,RUNNING,jcn,prod,coupon,jcn-prod,720
jcn-coupon-es-redis,10.10.4.3,n2-standard-4,4,16.0 GB,100 GB,RUNNING,jcn,prod,coupon,jcn-prod,720
jcn-coupon-es-slave,10.10.5.4,n2-highmem-8,8,64.0 GB,500 GB,RUNNING,jcn,prod,coupon,jcn-prod,720
jcn-coupon-mongo-master,10.10.3.8,n2-standard-64,64,256.0 GB,500 GB,RUNNING,jcn,prod,coupon,jcn-prod,720
jcn-coupon-mongo-replica,10.10.3.7,n2-standard-64,64,256.0 GB,500 GB,RUNNING,jcn,prod,coupon,jcn-prod,720
jcn-coupon-redis-rabbitmq,10.10.5.2,n2-highmem-4,4,32.0 GB,300 GB,RUNNING,jcn,prod,coupon,jcn-prod,720
jcn-loyalty-mongo-master,10.10.3.5,n2-custom-2-4096,2,4.0 GB,300 GB,TERMINATED,jcn,prod,coupon,jcn-prod,720
jcn-loyalty-mongo-replica,10.10.3.6,n2-custom-2-4096,2,4.0 GB,200 GB,TERMINATED,jcn,prod,coupon,jcn-prod,720
jcn-qa,10.2.3.202,e2-standard-4,4,16.0 GB,50 GB,RUNNING,jcn,dev,coupon,jcn-dev,308
jcn-regularcoupon-admin,10.10.2.4,n2-custom-2-4096,2,4.0 GB,50 GB,TERMINATED,jcn,prod,coupon,jcn-prod,720
jcn-regularcoupon-api-1,10.10.1.6,n2-standard-4,4,16.0 GB,50 GB,TERMINATED,jcn,prod,coupon,jcn-prod,720
jcn-regularcoupon-rabbitmq,10.10.2.6,n2-custom-2-4096,2,4.0 GB,50 GB,TERMINATED,jcn,prod,coupon,jcn-prod,720
jcn-regularcoupon-redis,10.10.2.5,n2-custom-2-4096,2,4.0 GB,50 GB,TERMINATED,jcn,prod,coupon,jcn-prod,720
jcnloyalty-qa,10.2.3.203,e2-medium,2,4.0 GB,50 GB,RUNNING,jcn,dev,coupon,jcn-dev,308
jcpa-admin,10.3.2.5,e2-standard-2,2,8.0 GB,50 GB,TERMINATED,jioengage,prod,jcpa,bigticket-prod,720
jcpa-admin-k8s-poc,10.3.2.224,e2-medium,2,4.0 GB,50 GB,RUNNING,jioengage,prod,jcpa,bigticket-prod,720
jcpa-hap-01,10.3.8.29,n2-standard-4,4,16.0 GB,50 GB,TERMINATED,jioengage,prod,jcpa,bigticket-prod,720
jcpa-mongo-master,10.3.1.6,e2-medium,2,4.0 GB,150 GB,TERMINATED,jioengage,prod,jcpa,bigticket-prod,720
jcpa-mongo-master-k8s-testing,10.3.1.49,e2-medium,2,4.0 GB,30 GB,RUNNING,jioengage,prod,jcpa,bigticket-prod,720
jcpa-mongo-replica,10.3.1.7,e2-medium,2,4.0 GB,150 GB,RUNNING,jioengage,prod,jcpa,bigticket-prod,720
jcpa-mongo-replica-k8s-testing,10.3.1.48,e2-medium,2,4.0 GB,30 GB,RUNNING,jioengage,prod,jcpa,bigticket-prod,720
jcpa-rabbitmq,10.3.3.4,e2-standard-4,4,16.0 GB,30 GB,RUNNING,jioengage,prod,jcpa,bigticket-prod,720
jcpa-rabbitmq-k8s-poc,10.3.3.27,e2-standard-4,4,16.0 GB,30 GB,RUNNING,jioengage,prod,jcpa,bigticket-prod,720
jcpa-sc-app-01,10.3.16.32,n2-standard-8,8,32.0 GB,50 GB,TERMINATED,jioengage,prod,jcpa,bigticket-prod,720
jcpa-sc-app-02,10.3.16.33,n2-standard-8,8,32.0 GB,50 GB,TERMINATED,jioengage,prod,jcpa,bigticket-prod,720
jcpajiotv-admin,10.3.2.48,e2-standard-2,2,8.0 GB,50 GB,TERMINATED,jioengage,prod,jcpa,bigticket-prod,720
jcpajiotv-hap-1,10.3.8.107,e2-custom-4-8192,4,8.0 GB,50 GB,TERMINATED,jioengage,prod,jcpa,bigticket-prod,720
jcpajiotv-mongo-master,10.3.1.23,e2-medium,2,4.0 GB,100 GB,TERMINATED,jioengage,prod,jcpa,bigticket-prod,720
jcpajiotv-mongo-replica,10.3.1.24,e2-medium,2,4.0 GB,100 GB,TERMINATED,jioengage,prod,jcpa,bigticket-prod,720
jcpajiotv-sc-app-1,10.3.17.47,e2-custom-8-16384,8,16.0 GB,50 GB,TERMINATED,jioengage,prod,jcpa,bigticket-prod,720
jcpajiotv-sc-app-2,10.3.17.48,e2-custom-8-16384,8,16.0 GB,50 GB,TERMINATED,jioengage,prod,jcpa,bigticket-prod,720
je-football-admin,10.3.2.223,e2-medium,2,4.0 GB,50 GB,RUNNING,jioengage,prod,je-football,brand-prod,720
je-football-feed-es,10.3.2.222,e2-small,2,2.0 GB,100 GB,RUNNING,jioengage,prod,je-football,brand-prod,720
je-football-hap,10.3.8.8,e2-medium,2,4.0 GB,30 GB,RUNNING,jioengage,prod,je-football,brand-prod,720
je-football-mongo,10.3.1.47,e2-medium,2,4.0 GB,50 GB,RUNNING,jioengage,prod,je-footall,brand-prod,720
je-football-rabbitmq,10.3.3.28,n2-custom-2-4096,2,4.0 GB,30 GB,RUNNING,jioengage,prod,je-football,brand-prod,720
je-football-sc-app-1,10.3.16.130,e2-custom-2-4096,2,4.0 GB,50 GB,RUNNING,jioengage,prod,je-football,brand-prod,720
je-football-sc-app-2,10.3.16.131,e2-custom-2-4096,2,4.0 GB,50 GB,RUNNING,jioengage,prod,je-football,brand-prod,720
je-football-twemproxy-instance-group-20221110-11s8,10.3.8.15,e2-medium,2,4.0 GB,50 GB,RUNNING,jioengage,prod,je-football,brand-prod,720
je-football-twemproxy-instance-group-20221110-9sl1,10.3.8.10,e2-medium,2,4.0 GB,50 GB,RUNNING,jioengage,prod,je-football,brand-prod,720
je-football-twemproxy-instance-group-20221110-gqmh,10.3.8.14,e2-medium,2,4.0 GB,50 GB,RUNNING,jioengage,prod,je-football,brand-prod,720
je-football-twemproxy-instance-group-20221110-jjlp,10.3.8.16,e2-medium,2,4.0 GB,50 GB,RUNNING,jioengage,prod,je-football,brand-prod,720
je-football-twemproxy-instance-group-20221110-mtkq,10.3.8.13,e2-medium,2,4.0 GB,50 GB,RUNNING,jioengage,prod,je-football,brand-prod,720
jio-khelo-dev,10.2.3.16,e2-medium,2,4.0 GB,70 GB,RUNNING,jioengage,dev,engagedevserver,brand-dev,308
jiocrick-app-dev,10.2.3.17,e2-small,2,2.0 GB,40 GB,RUNNING,jioengage,dev,jiocricket,brand-dev,308
jiocricket-admin,10.3.2.39,e2-standard-4,4,16.0 GB,70 GB,RUNNING,jioengage,prod,jiocricket,brand-prod,720
jiocricket-admin-1,10.8.2.2,n2-custom-2-4096,2,4.0 GB,50 GB,RUNNING,jioengage,prod,jiocricket,brand-prod,720
jiocricket-appserver-1,10.3.16.187,e2-medium,2,4.0 GB,50 GB,RUNNING,jioengage,prod,jiocricket,brand-prod,720
jiocricket-appserver-10,10.3.16.253,e2-medium,2,4.0 GB,50 GB,TERMINATED,jioengage,prod,jiocricket,brand-prod,720
jiocricket-appserver-11,10.3.17.10,e2-medium,2,4.0 GB,50 GB,TERMINATED,jioengage,prod,jiocricket,brand-prod,720
jiocricket-appserver-12,10.3.17.19,e2-medium,2,4.0 GB,50 GB,TERMINATED,jioengage,prod,jiocricket,brand-prod,720
jiocricket-appserver-13,10.3.16.220,e2-medium,2,4.0 GB,50 GB,TERMINATED,jioengage,prod,jiocricket,brand-prod,720
jiocricket-appserver-14,10.3.17.17,e2-medium,2,4.0 GB,50 GB,TERMINATED,jioengage,prod,jiocricket,brand-prod,720
jiocricket-appserver-15,10.3.17.18,e2-medium,2,4.0 GB,50 GB,TERMINATED,jioengage,prod,jiocricket,brand-prod,720
jiocricket-appserver-16,10.3.16.239,e2-medium,2,4.0 GB,50 GB,TERMINATED,jioengage,prod,jiocricket,brand-prod,720
jiocricket-appserver-17,10.3.16.245,e2-medium,2,4.0 GB,50 GB,TERMINATED,jioengage,prod,jiocricket,brand-prod,720
jiocricket-appserver-18,10.3.17.14,e2-medium,2,4.0 GB,50 GB,TERMINATED,jioengage,prod,jiocricket,brand-prod,720
jiocricket-appserver-19,10.3.17.15,e2-medium,2,4.0 GB,50 GB,TERMINATED,jioengage,prod,jiocricket,brand-prod,720
jiocricket-appserver-2,10.3.16.209,e2-medium,2,4.0 GB,50 GB,RUNNING,jioengage,prod,jiocricket,brand-prod,720
jiocricket-appserver-20,10.3.17.16,e2-medium,2,4.0 GB,50 GB,TERMINATED,jioengage,prod,jiocricket,brand-prod,720
jiocricket-appserver-3,10.3.16.210,e2-medium,2,4.0 GB,50 GB,RUNNING,jioengage,prod,jiocricket,brand-prod,720
jiocricket-appserver-4,10.3.16.211,e2-medium,2,4.0 GB,50 GB,RUNNING,jioengage,prod,jiocricket,brand-prod,720
jiocricket-appserver-5,10.3.16.212,e2-medium,2,4.0 GB,50 GB,TERMINATED,jioengage,prod,jiocricket,brand-prod,720
jiocricket-appserver-6,10.3.16.213,e2-medium,2,4.0 GB,50 GB,TERMINATED,jioengage,prod,jiocricket,brand-prod,720
jiocricket-appserver-7,10.3.16.214,e2-medium,2,4.0 GB,50 GB,TERMINATED,jioengage,prod,jiocricket,brand-prod,720
jiocricket-appserver-8,10.3.17.12,e2-medium,2,4.0 GB,50 GB,TERMINATED,jioengage,prod,jiocricket,brand-prod,720
jiocricket-appserver-9,10.3.17.13,e2-medium,2,4.0 GB,50 GB,TERMINATED,jioengage,prod,jiocricket,brand-prod,720
jiocricket-appserver1,10.8.1.2,n2-custom-2-4096,2,4.0 GB,50 GB,RUNNING,jioengage,prod,jiocricket,brand-prod,720
jiocricket-feedserver-1,10.8.1.7,e2-small,2,2.0 GB,50 GB,TERMINATED,jioengage,prod,jiocricket,brand-prod,720
jiocricket-mongo-master,10.3.1.15,n2-standard-2,2,8.0 GB,150 GB,RUNNING,jioengage,prod,jiocricket,brand-prod,720
jiocricket-mongo-master1,10.8.3.2,n2-standard-2,2,8.0 GB,150 GB,RUNNING,jioengage,prod,jiocricket,brand-prod,720
jiocricket-mongo-replica,10.3.1.16,n2-standard-2,2,8.0 GB,150 GB,RUNNING,jioengage,prod,jiocricket,brand-prod,720
jiocricket-mongo-replica1,10.8.3.3,n2-standard-2,2,8.0 GB,150 GB,RUNNING,jioengage,prod,jiocricket,brand-prod,720
jiocricket-rabbitmq,10.3.3.16,e2-small,2,2.0 GB,30 GB,RUNNING,jioengage,prod,jiocricket,brand-prod,720
jiocricket-rabbitmq1,10.8.5.2,n2-highcpu-2,2,2.0 GB,30 GB,RUNNING,jioengage,prod,jiocricket,brand-prod,720
jiocricket-redis,10.3.4.27,n2-standard-4,4,16.0 GB,30 GB,RUNNING,jioengage,prod,jiocricket,brand-prod,720
jiocricket-redis1,10.8.4.2,n2-custom-2-4096,2,4.0 GB,30 GB,RUNNING,jioengage,prod,jiocricket,brand-prod,720
jiocricketapp-replica,10.2.3.34,e2-custom-4-8192,4,8.0 GB,100 GB,RUNNING,jioengage,prod,jiocricket,brand-prod,720
jioengage-bt-grafana,10.3.16.51,n2-standard-4,4,16.0 GB,100 GB,RUNNING,jioengage,prod,central-profile,bigticket-prod,720
jioengage-bt-monitoring,10.3.17.0,n2-standard-4,4,16.0 GB,100 GB,RUNNING,jioengage,prod,central-profile,bigticket-prod,720
jioengage-cms-dev,10.2.3.15,e2-medium,2,4.0 GB,120 GB,RUNNING,jcn,dev,coupon,jcn-dev,308
jioengage-cricket-bastion,10.8.6.2,custom-1-2048,1,2.0 GB,200 GB,RUNNING,jioengage,prod,bastion,bigticket-prod,720
jioengage-dev-bastion,10.2.2.2,e2-medium,2,4.0 GB,30 GB,RUNNING,jioengage,dev,bastion,bigticket-dev,308
jioengage-loadtest-01,10.3.16.70,n2-custom-2-4096,2,4.0 GB,50 GB,TERMINATED,jioengage,prod,loadtest,bigticket-prod,720
jioengage-loadtest-02,10.3.16.71,n2-custom-2-4096,2,4.0 GB,50 GB,TERMINATED,jioengage,prod,loadtest,bigticket-prod,720
jioengage-loadtest-03,10.3.16.72,n2-custom-2-4096,2,4.0 GB,50 GB,TERMINATED,jioengage,prod,loadtest,bigticket-prod,720
jioengage-loadtest-04,10.3.16.73,n2-custom-2-4096,2,4.0 GB,50 GB,TERMINATED,jioengage,prod,loadtest,bigticket-prod,720
jioengage-loadtest-05,10.3.16.74,n2-custom-2-4096,2,4.0 GB,50 GB,TERMINATED,jioengage,prod,loadtest,bigticket-prod,720
jioengage-loadtest-06,10.3.16.75,n2-custom-2-4096,2,4.0 GB,50 GB,TERMINATED,jioengage,prod,loadtest,bigticket-prod,720
jioengage-loadtest-07,10.3.16.76,n2-custom-2-4096,2,4.0 GB,50 GB,TERMINATED,jioengage,prod,loadtest,bigticket-prod,720
jioengage-loadtest-08,10.3.16.77,n2-custom-2-4096,2,4.0 GB,50 GB,TERMINATED,jioengage,prod,loadtest,bigticket-prod,720
jioengage-loadtest-09,10.3.16.78,n2-custom-2-4096,2,4.0 GB,50 GB,TERMINATED,jioengage,prod,loadtest,bigticket-prod,720
jioengage-loadtest-10,10.3.16.79,n2-custom-2-4096,2,4.0 GB,50 GB,TERMINATED,jioengage,prod,loadtest,bigticket-prod,720
jioengage-loadtest-11,10.3.16.40,n2-custom-2-4096,2,4.0 GB,50 GB,TERMINATED,jioengage,prod,loadtest,bigticket-prod,720
jioengage-loadtest-12,10.3.16.41,n2-custom-2-4096,2,4.0 GB,50 GB,TERMINATED,jioengage,prod,loadtest,bigticket-prod,720
jioengage-loadtest-13,10.3.16.44,n2-custom-2-4096,2,4.0 GB,50 GB,TERMINATED,jioengage,prod,loadtest,bigticket-prod,720
jioengage-loadtest-14,10.3.16.89,n2-custom-2-4096,2,4.0 GB,50 GB,TERMINATED,jioengage,prod,loadtest,bigticket-prod,720
jioengage-loadtest-15,10.3.16.126,n2-custom-2-4096,2,4.0 GB,50 GB,TERMINATED,jioengage,prod,loadtest,bigticket-prod,720
jioengage-loadtest-16,10.3.16.15,n2-custom-2-4096,2,4.0 GB,50 GB,TERMINATED,jioengage,prod,loadtest,bigticket-prod,720
jioengage-loadtest-17,10.3.16.23,n2-custom-2-4096,2,4.0 GB,50 GB,TERMINATED,jioengage,prod,loadtest,bigticket-prod,720
jioengage-loadtest-18,10.3.16.34,n2-custom-2-4096,2,4.0 GB,50 GB,TERMINATED,jioengage,prod,loadtest,bigticket-prod,720
jioengage-loadtest-19,10.3.16.35,n2-custom-2-4096,2,4.0 GB,50 GB,TERMINATED,jioengage,prod,loadtest,bigticket-prod,720
jioengage-loadtest-20,10.3.16.36,n2-custom-2-4096,2,4.0 GB,50 GB,TERMINATED,jioengage,prod,loadtest,bigticket-prod,720
jioengage-loadtest-21,10.3.16.37,n2-custom-2-4096,2,4.0 GB,50 GB,TERMINATED,jioengage,prod,loadtest,bigticket-prod,720
jioengage-loadtest-22,10.3.16.38,n2-custom-2-4096,2,4.0 GB,50 GB,TERMINATED,jioengage,prod,loadtest,bigticket-prod,720
jioengage-loadtest-23,10.3.16.46,n2-custom-2-4096,2,4.0 GB,50 GB,TERMINATED,jioengage,prod,loadtest,bigticket-prod,720
jioengage-loadtest-24,10.3.16.47,n2-custom-2-4096,2,4.0 GB,50 GB,TERMINATED,jioengage,prod,loadtest,bigticket-prod,720
jioengage-loadtest-25,10.3.16.50,n2-custom-2-4096,2,4.0 GB,50 GB,TERMINATED,jioengage,prod,loadtest,bigticket-prod,720
jioengage-ludo-dev,10.2.3.13,e2-standard-2,2,8.0 GB,50 GB,RUNNING,jioengage,dev,ludo,bigticket-dev,308
jioengage-ludo-qa,10.2.3.52,e2-standard-2,2,8.0 GB,40 GB,RUNNING,jioengage,dev,ludo,bigticket-dev,308
jioengage-portal-app,10.3.16.52,custom-1-2048,1,2.0 GB,30 GB,RUNNING,jioengage,prod,portal,bigticket-prod,720
jioengage-portal-mongo,10.3.1.44,e2-highcpu-2,2,2.0 GB,30 GB,RUNNING,jioengage,prod,portal,bigticket-prod,720
jioengage-prod-bastion,10.3.5.2,n2-custom-2-4096,2,4.0 GB,1024 GB,RUNNING,jioengage,prod,bastion,bigticket-prod,720
jioengage-prod-bastion-bavama,10.7.6.3,n2-standard-8,8,32.0 GB,200 GB,TERMINATED,jioengage,prod,bastion,devops,720
jioengage-prod-idc-bastion,10.7.6.2,custom-1-2048,1,2.0 GB,200 GB,RUNNING,jcn,prod,bastion,jcn-prod,720
jioengage-prod-jiocricket-bavama-bastion,10.3.5.4,n2-standard-8,8,32.0 GB,200 GB,TERMINATED,jioengage,prod,bastion,devops,720
jioengage-sftp-server,10.3.17.183,n2-custom-2-4096,2,4.0 GB,900 GB,RUNNING,jioengage,prod,common,brand-prod,720
jiogames-dev-bastion,10.148.3.2,e2-small,2,2.0 GB,30 GB,RUNNING,jiogames,dev,watch,jiowatch-dev,308
jiogames-dev-temp,10.148.1.244,e2-standard-4,4,16.0 GB,200 GB,TERMINATED,jiogames,dev,watch,jiowatch-dev,308
jiogames-prod-proxy,10.146.5.2,e2-medium,2,4.0 GB,30 GB,RUNNING,jiogames,prod,watch,jiowatch-prod,720
jiogames-watch-dev-2,10.148.1.220,e2-standard-4,4,16.0 GB,50 GB,RUNNING,jiogames,dev,watch,jiowatch-dev,308
jiogamesprod-apiserver-01,10.146.1.3,n2-custom-8-16384,8,16.0 GB,750 GB,RUNNING,jiogames,prod,watch,jiowatch-prod,720
jiogamesprod-apiserver-02,10.146.1.4,n2-custom-8-16384,8,16.0 GB,750 GB,RUNNING,jiogames,prod,watch,jiowatch-prod,720
jiogamesprod-bastion,10.146.3.3,n2-custom-2-1024,2,1.0 GB,50 GB,RUNNING,jiogames,prod,watch,jiowatch-prod,720
jiogamesprod-elasticsearch-01,10.146.2.2,n2-standard-8,8,32.0 GB,200 GB,RUNNING,jiogames,prod,watch,jiowatch-prod,720
jiogamesprod-elasticsearch-02,10.146.2.3,n2-standard-8,8,32.0 GB,200 GB,RUNNING,jiogames,prod,watch,jiowatch-prod,720
jiogamesprod-elasticsearch-03,10.146.2.4,n2-standard-8,8,32.0 GB,200 GB,RUNNING,jiogames,prod,watch,jiowatch-prod,720
jiogamesprod-elasticsearch-04,10.146.2.5,n2-standard-8,8,32.0 GB,200 GB,RUNNING,jiogames,prod,watch,jiowatch-prod,720
jiogamesprod-elasticsearch-05,10.146.2.6,n2-standard-8,8,32.0 GB,200 GB,RUNNING,jiogames,prod,watch,jiowatch-prod,720
jiogamesprod-mongo-01,10.146.2.7,n2-custom-8-16384,8,16.0 GB,100 GB,RUNNING,jiogames,prod,watch,jiowatch-prod,720
jiogamesprod-mongo-02,10.146.2.8,n2-custom-8-16384,8,16.0 GB,100 GB,RUNNING,jiogames,prod,watch,jiowatch-prod,720
jiogamesprod-mongo-03,10.146.2.9,n2-custom-8-16384,8,16.0 GB,100 GB,RUNNING,jiogames,prod,watch,jiowatch-prod,720
jiogamesprod-proxy,10.146.3.4,e2-medium,2,4.0 GB,30 GB,RUNNING,jiogames,prod,watch,jiowatch-prod,720
jiogamesprod-rabbitmq-01,10.146.2.13,n2-custom-2-4096,2,4.0 GB,200 GB,RUNNING,jiogames,prod,watch,jiowatch-prod,720
jiogamesprod-rabbitmq-02,10.146.2.14,n2-custom-2-4096,2,4.0 GB,200 GB,RUNNING,jiogames,prod,watch,jiowatch-prod,720
jiogamesprod-rabbitmq-03,10.146.2.15,n2-custom-2-4096,2,4.0 GB,200 GB,RUNNING,jiogames,prod,watch,jiowatch-prod,720
jiogamesprod-redis-01,10.146.2.10,n2-custom-4-8192,4,8.0 GB,100 GB,RUNNING,jiogames,prod,watch,jiowatch-prod,720
jiogamesprod-redis-02,10.146.2.11,n2-custom-4-8192,4,8.0 GB,100 GB,RUNNING,jiogames,prod,watch,jiowatch-prod,720
jiogamesprod-redis-03,10.146.2.12,n2-custom-4-8192,4,8.0 GB,100 GB,RUNNING,jiogames,prod,watch,jiowatch-prod,720
jiogamesprod-vod-delivery-01,10.146.1.42,n2-custom-4-8192,4,8.0 GB,100 GB,RUNNING,jiogames,prod,watch,jiowatch-prod,720
jiogamesprod-vod-delivery-02,10.146.1.43,n2-custom-4-8192,4,8.0 GB,100 GB,RUNNING,jiogames,prod,watch,jiowatch-prod,720
jiogamesrc-apiserver-1,10.147.1.2,n2-custom-2-4096,2,4.0 GB,100 GB,RUNNING,jiogames,stage,watch,jiowatch-stage,308
jiogamesrc-apiserver-2,10.147.1.3,n2-custom-2-4096,2,4.0 GB,100 GB,RUNNING,jiogames,stage,watch,jiowatch-stage,308
jiogamesrc-bastion,10.147.3.2,n2-custom-2-1024,2,1.0 GB,50 GB,RUNNING,jiogames,stage,watch,jiowatch-stage,308
jiogamesrc-database-1,10.147.2.2,n2-custom-4-8192,4,8.0 GB,100 GB,RUNNING,jiogames,stage,watch,jiowatch-stage,308
jiogamesrc-database-2,10.147.2.3,n2-custom-4-8192,4,8.0 GB,100 GB,RUNNING,jiogames,stage,watch,jiowatch-stage,308
jiogamesrc-database-3,10.147.2.4,n2-custom-4-8192,4,8.0 GB,100 GB,RUNNING,jiogames,stage,watch,jiowatch-stage,308
jiogamesrc-gamesvod,10.147.1.16,e2-small,2,2.0 GB,50 GB,RUNNING,jiogames,stage,watch,jiowatch-stage,308
jiogamesrc-livepublisher-2,10.147.1.12,n2-highcpu-16,16,16.0 GB,100 GB,RUNNING,jiogames,stage,watch,jiowatch-stage,308
jiogamesrc-opensearch,10.147.1.107,n2-custom-2-4096,2,4.0 GB,200 GB,RUNNING,jiogames,stage,watch,jiowatch-stage,308
jiogamesrc-opensearch-2,10.147.1.85,n2-custom-2-4096,2,4.0 GB,200 GB,RUNNING,jiogames,stage,watch,jiowatch-stage,308
jiowatch-dev,10.148.1.241,e2-standard-4,4,16.0 GB,50 GB,RUNNING,jiogames,dev,watch,jiowatch-dev,308
jiowatch-live-publisher-dev,10.148.1.243,custom-2-4096,2,4.0 GB,100 GB,RUNNING,jiogames,dev,watch,jiowatch-dev,308
jiowatch-live-publisher-dev-2,10.148.1.245,custom-2-4096,2,4.0 GB,100 GB,RUNNING,jiogames,dev,watch,jiowatch-dev,308
kbc-api-dev,10.2.3.14,e2-medium,2,4.0 GB,30 GB,RUNNING,jioengage,dev,kbc,brand-dev,308
lms-prod-bastion-bavama,10.9.2.3,n2-standard-8,8,32.0 GB,200 GB,TERMINATED,jioengage,prod,lms-ugc,devops,720
lms-ugc-api-1,10.9.1.2,n2-custom-2-4096,2,4.0 GB,50 GB,TERMINATED,jioengage,prod,lms-ugc,lms-prod,720
lms-ugc-api-2,10.9.1.3,n2-custom-2-4096,2,4.0 GB,50 GB,TERMINATED,jioengage,prod,lms-ugc,lms-prod,720
lms-ugc-bastion,10.9.2.2,n2-custom-2-4096,2,4.0 GB,50 GB,TERMINATED,jioengage,prod,lms-ugc,lms-prod,720
lms-ugc-engagedev,10.2.1.14,n2-custom-2-4096,2,4.0 GB,50 GB,RUNNING,jioengage,dev,lms-ugc,lms-dev,308
lms-ugc-replica,10.2.1.22,n2-custom-2-4096,2,4.0 GB,50 GB,TERMINATED,jioengage,dev,lms-ugc,lms-dev,308
ludo-admin,10.3.2.61,e2-medium,2,4.0 GB,50 GB,RUNNING,jioengage,prod,ludo,bigticket-prod,720
ludo-ha,10.3.9.80,n2-highcpu-2,2,2.0 GB,30 GB,RUNNING,jioengage,prod,ludo,bigticket-prod,720
ludo-ha-2,10.3.8.6,n2-highcpu-2,2,2.0 GB,30 GB,RUNNING,jioengage,prod,ludo,bigticket-prod,720
ludo-ha-3,10.3.8.7,n2-highcpu-2,2,2.0 GB,30 GB,RUNNING,jioengage,prod,ludo,bigticket-prod,720
ludo-ha-4,10.3.8.11,n2-highcpu-2,2,2.0 GB,30 GB,RUNNING,jioengage,prod,ludo,bigticket-prod,720
ludo-ha-5,10.3.8.12,n2-highcpu-2,2,2.0 GB,30 GB,TERMINATED,jioengage,prod,ludo,bigticket-prod,720
ludo-mongo-master,10.3.1.31,n2-custom-2-4096,2,4.0 GB,100 GB,RUNNING,jioengage,prod,ludo,bigticket-prod,720
ludo-mongo-replica,10.3.1.32,n2-custom-2-4096,2,4.0 GB,100 GB,RUNNING,jioengage,prod,ludo,bigticket-prod,720
ludo-rabbitmq,10.3.3.26,n2-custom-2-4096,2,4.0 GB,50 GB,RUNNING,jioengage,prod,ludo,bigticket-prod,720
ludo-sc-1,10.3.16.22,n2-custom-2-4096,2,4.0 GB,50 GB,RUNNING,jioengage,prod,ludo,bigticket-prod,720
ludo-sc-10,10.3.18.117,n2-custom-2-4096,2,4.0 GB,50 GB,TERMINATED,jioengage,prod,ludo,bigticket-prod,720
ludo-sc-2,10.3.16.26,n2-custom-2-4096,2,4.0 GB,50 GB,RUNNING,jioengage,prod,ludo,bigticket-prod,720
ludo-sc-3,10.3.18.110,n2-custom-2-4096,2,4.0 GB,50 GB,RUNNING,jioengage,prod,ludo,bigticket-prod,720
ludo-sc-4,10.3.18.111,n2-custom-2-4096,2,4.0 GB,50 GB,RUNNING,jioengage,prod,ludo,bigticket-prod,720
ludo-sc-5,10.3.18.112,n2-custom-2-4096,2,4.0 GB,50 GB,RUNNING,jioengage,prod,ludo,bigticket-prod,720
ludo-sc-6,10.3.18.113,n2-custom-2-4096,2,4.0 GB,50 GB,RUNNING,jioengage,prod,ludo,bigticket-prod,720
ludo-sc-7,10.3.18.114,n2-custom-2-4096,2,4.0 GB,50 GB,RUNNING,jioengage,prod,ludo,bigticket-prod,720
ludo-sc-8,10.3.18.115,n2-custom-2-4096,2,4.0 GB,50 GB,RUNNING,jioengage,prod,ludo,bigticket-prod,720
ludo-sc-9,10.3.18.116,n2-custom-2-4096,2,4.0 GB,50 GB,TERMINATED,jioengage,prod,ludo,bigticket-prod,720
mail-server,10.3.2.215,e2-medium,2,4.0 GB,30 GB,TERMINATED,jioengage,prod,devops,bigticket-prod,720
offerstore-jiogames-appserver-1,10.7.1.8,n2-custom-2-4096,2,4.0 GB,50 GB,RUNNING,jioengage,prod,offerstore,jcn-prod,720
offerstore-jiogames-appserver-2,10.7.1.9,n2-custom-2-4096,2,4.0 GB,50 GB,RUNNING,jioengage,prod,offerstore,jcn-prod,720
offerstore-jiogames-redis,10.7.4.3,n2-custom-2-4096,2,4.0 GB,50 GB,RUNNING,jioengage,prod,offerstore,jcn-prod,720
offerstore-regularcoupon-dev,10.2.3.204,e2-custom-2-4096,2,4.0 GB,60 GB,RUNNING,jcn,dev,coupon,jcn-dev,308
oreo-mongo,10.3.1.19,n2-standard-8,8,32.0 GB,100 GB,TERMINATED,jioengage,prod,oreo,brand-prod,720
oreo-mongo-2,10.3.1.20,n2-standard-8,8,32.0 GB,150 GB,TERMINATED,jioengage,prod,oreo,brand-prod,720
playalong-demo-1,10.2.3.207,e2-small,2,2.0 GB,30 GB,RUNNING,jioengage,dev,jcpa,brand-dev,308
playalong-dev,10.2.3.33,e2-medium,2,4.0 GB,30 GB,RUNNING,jioengage,dev,jcpa,brand-dev,308
playnwin-1-admin-1,10.3.2.6,e2-medium,2,4.0 GB,50 GB,RUNNING,jioengage,prod,playnwin-1,bigticket-prod,720
playnwin-1-admin-2,10.3.2.7,e2-medium,2,4.0 GB,50 GB,RUNNING,jioengage,prod,playnwin-1,bigticket-prod,720
playnwin-1-admin-3,10.3.2.9,e2-medium,2,4.0 GB,50 GB,RUNNING,jioengage,prod,playnwin-1,bigticket-prod,720
playnwin-1-appserver-2,10.3.16.16,e2-medium,2,4.0 GB,100 GB,RUNNING,jioengage,prod,playnwin-1,bigticket-prod,720
playnwin-1-appserver-5,10.3.16.19,e2-medium,2,4.0 GB,100 GB,TERMINATED,jioengage,prod,playnwin-1,bigticket-prod,720
playnwin-1-appserver-6,10.3.16.20,e2-medium,2,4.0 GB,100 GB,TERMINATED,jioengage,prod,playnwin-1,bigticket-prod,720
playnwin-1-appserver1,10.3.16.4,e2-medium,2,4.0 GB,100 GB,RUNNING,jioengage,prod,playnwin-1,bigticket-prod,720
playnwin-1-rabbitmq,10.3.3.5,e2-medium,2,4.0 GB,30 GB,RUNNING,jioengage,prod,playnwin-1,bigticket-prod,720
playnwin-1-redis-1,10.3.4.3,e2-small,2,2.0 GB,30 GB,RUNNING,jioengage,prod,playnwin-1,bigticket-prod,720
playnwin-1-redis-2,10.3.2.8,e2-small,2,2.0 GB,30 GB,RUNNING,jioengage,prod,playnwin-1,bigticket-prod,720
playnwin-1-redis-3,10.3.4.4,e2-small,2,2.0 GB,30 GB,RUNNING,jioengage,prod,playnwin-1,bigticket-prod,720
playnwin-2-admin-1,10.3.2.10,n2-custom-2-4096,2,4.0 GB,50 GB,RUNNING,jioengage,prod,playnwin-2,bigticket-prod,720
playnwin-2-admin-2,10.3.2.11,n2-custom-2-4096,2,4.0 GB,50 GB,RUNNING,jioengage,prod,playnwin-2,bigticket-prod,720
playnwin-2-admin-3,10.3.2.12,n2-custom-2-4096,2,4.0 GB,50 GB,RUNNING,jioengage,prod,playnwin-2,bigticket-prod,720
playnwin-2-appserver-1,10.3.16.5,e2-medium,2,4.0 GB,100 GB,RUNNING,jioengage,prod,playnwin-2,bigticket-prod,720
playnwin-2-appserver-2,10.3.16.13,e2-medium,2,4.0 GB,100 GB,RUNNING,jioengage,prod,playnwin-2,bigticket-prod,720
playnwin-2-rabbitmq,10.3.3.6,e2-medium,2,4.0 GB,30 GB,RUNNING,jioengage,prod,playnwin-2,bigticket-prod,720
playnwin-2-redis-1,10.3.4.5,n2-highmem-2,2,16.0 GB,30 GB,RUNNING,jioengage,prod,playnwin-2,bigticket-prod,720
playnwin-2-redis-2,10.3.4.6,n2-standard-2,2,8.0 GB,30 GB,RUNNING,jioengage,prod,playnwin-2,bigticket-prod,720
playnwin-2-redis-3,10.3.4.7,n2-standard-2,2,8.0 GB,30 GB,RUNNING,jioengage,prod,playnwin-2,bigticket-prod,720
playnwin-3-admin-1,10.3.2.13,n2-custom-2-4096,2,4.0 GB,50 GB,RUNNING,jioengage,prod,playnwin-3,bigticket-prod,720
playnwin-3-admin-2,10.3.2.14,n2-custom-2-4096,2,4.0 GB,50 GB,RUNNING,jioengage,prod,playnwin-3,bigticket-prod,720
playnwin-3-admin-3,10.3.2.15,n2-custom-2-4096,2,4.0 GB,50 GB,RUNNING,jioengage,prod,playnwin-3,bigticket-prod,720
playnwin-3-appserver-1,10.3.16.6,e2-medium,2,4.0 GB,50 GB,RUNNING,jioengage,prod,playnwin-3,bigticket-prod,720
playnwin-3-appserver-2,10.3.16.178,e2-medium,2,4.0 GB,50 GB,RUNNING,jioengage,prod,playnwin-3,bigticket-prod,720
playnwin-3-rabbitmq,10.3.3.7,e2-medium,2,4.0 GB,30 GB,RUNNING,jioengage,prod,playnwin-3,bigticket-prod,720
playnwin-3-redis-1,10.3.4.8,n2-highcpu-2,2,2.0 GB,30 GB,RUNNING,jioengage,prod,playnwin-3,bigticket-prod,720
playnwin-3-redis-2,10.3.4.9,n2-highcpu-2,2,2.0 GB,30 GB,RUNNING,jioengage,prod,playnwin-3,bigticket-prod,720
playnwin-3-redis-3,10.3.4.10,n2-highcpu-2,2,2.0 GB,30 GB,RUNNING,jioengage,prod,playnwin-3,bigticket-prod,720
playnwin-4-admin-3,10.3.2.36,n2-custom-4-8192,4,8.0 GB,50 GB,RUNNING,jcn,prod,playnwin-4,jcn-prod,720
playnwin-4-appserver-1,10.3.16.183,n2-custom-2-4096,2,4.0 GB,50 GB,RUNNING,jcn,prod,playnwin-4,jcn-prod,720
playnwin-4-appserver-2,10.3.16.184,n2-custom-2-4096,2,4.0 GB,50 GB,TERMINATED,jcn,prod,playnwin-4,jcn-prod,720
playnwin-4-rabbitmq,10.3.3.14,e2-highmem-2,2,16.0 GB,30 GB,RUNNING,jcn,prod,playnwin-4,jcn-prod,720
playnwin-4-redis-3,10.3.4.24,n2-custom-4-8192,4,8.0 GB,30 GB,RUNNING,jcn,prod,playnwin-4,jcn-prod,720
playnwin-5-admin-1,10.3.2.52,n2-custom-2-4096,2,4.0 GB,50 GB,RUNNING,jioengage,prod,playnwin-5,bigticket-prod,720
playnwin-5-admin-2,10.3.2.53,n2-custom-2-4096,2,4.0 GB,50 GB,TERMINATED,jioengage,prod,playnwin-5,bigticket-prod,720
playnwin-5-admin-3,10.3.2.54,n2-custom-2-4096,2,4.0 GB,50 GB,TERMINATED,jioengage,prod,playnwin-5,bigticket-prod,720
playnwin-5-appserver-1,10.3.17.186,n2-custom-2-4096,2,4.0 GB,50 GB,RUNNING,jioengage,prod,playnwin-5,bigticket-prod,720
playnwin-5-appserver-2,10.3.17.187,n2-custom-2-4096,2,4.0 GB,50 GB,RUNNING,jioengage,prod,playnwin-5,bigticket-prod,720
playnwin-5-rabbitmq,10.3.3.23,n2-custom-2-4096,2,4.0 GB,30 GB,RUNNING,jioengage,prod,playnwin-5,bigticket-prod,720
playnwin-5-redis-1,10.3.4.35,n2-highcpu-2,2,2.0 GB,30 GB,RUNNING,jioengage,prod,playnwin-5,bigticket-prod,720
playnwin-5-redis-2,10.3.4.36,n2-highcpu-2,2,2.0 GB,30 GB,TERMINATED,jioengage,prod,playnwin-5,bigticket-prod,720
playnwin-5-redis-3,10.3.4.37,n2-standard-2,2,8.0 GB,30 GB,TERMINATED,jioengage,prod,playnwin-5,bigticket-prod,720
playnwin-6-admin-1,10.3.2.58,n2-custom-2-4096,2,4.0 GB,50 GB,RUNNING,jioengage,prod,playnwin-6,bigticket-prod,720
playnwin-6-admin-2,10.3.2.59,n2-custom-2-4096,2,4.0 GB,50 GB,RUNNING,jioengage,prod,playnwin-6,bigticket-prod,720
playnwin-6-appserver-1,10.3.17.204,n2-custom-2-4096,2,4.0 GB,50 GB,RUNNING,jioengage,prod,playnwin-6,bigticket-prod,720
playnwin-6-appserver-2,10.3.17.205,n2-custom-2-4096,2,4.0 GB,50 GB,RUNNING,jioengage,prod,playnwin-6,bigticket-prod,720
playnwin-6-job-1,10.3.6.2,n2-custom-2-4096,2,4.0 GB,50 GB,RUNNING,jioengage,prod,playnwin-6,bigticket-prod,720
playnwin-6-rabbitmq,10.3.3.24,n2-custom-2-4096,2,4.0 GB,30 GB,RUNNING,jioengage,prod,playnwin-6,bigticket-prod,720
playnwin-6-redis-1,10.3.4.38,n2-highcpu-2,2,2.0 GB,30 GB,RUNNING,jioengage,prod,playnwin-6,bigticket-prod,720
playnwin-6-redis-2,10.3.4.39,n2-standard-2,2,8.0 GB,30 GB,RUNNING,jioengage,prod,playnwin-6,bigticket-prod,720
poc-instance-group-20220825-6plh,10.3.17.133,n2-custom-2-4096,2,4.0 GB,50 GB,RUNNING,jioengage,prod,watchparty,,720
poc-instance-group-20220825-rq64,10.3.17.62,n2-custom-2-4096,2,4.0 GB,50 GB,RUNNING,jioengage,prod,watchparty,,720
profile-admin,10.3.2.2,n2-custom-2-4096,2,4.0 GB,50 GB,RUNNING,jioengage,prod,profile,bigticket-prod,720
profile-api-1,10.3.16.2,n2-custom-2-4096,2,4.0 GB,50 GB,RUNNING,jioengage,prod,profile,bigticket-prod,720
profile-api-10,10.3.17.36,e2-medium,2,4.0 GB,50 GB,RUNNING,jioengage,prod,profile,bigticket-prod,720
profile-api-11,10.3.17.37,e2-medium,2,4.0 GB,50 GB,RUNNING,jioengage,prod,profile,bigticket-prod,720
profile-api-12,10.3.17.38,e2-medium,2,4.0 GB,50 GB,RUNNING,jioengage,prod,profile,bigticket-prod,720
profile-api-13,10.3.17.39,e2-medium,2,4.0 GB,50 GB,RUNNING,jioengage,prod,profile,bigticket-prod,720
profile-api-14,10.3.17.40,e2-medium,2,4.0 GB,50 GB,RUNNING,jioengage,prod,profile,bigticket-prod,720
profile-api-15,10.3.17.41,e2-medium,2,4.0 GB,50 GB,RUNNING,jioengage,prod,profile,bigticket-prod,720
profile-api-16,10.3.17.42,e2-medium,2,4.0 GB,50 GB,RUNNING,jioengage,prod,profile,bigticket-prod,720
profile-api-17,10.3.17.43,e2-medium,2,4.0 GB,50 GB,RUNNING,jioengage,prod,profile,bigticket-prod,720
profile-api-18,10.3.17.44,e2-medium,2,4.0 GB,50 GB,RUNNING,jioengage,prod,profile,bigticket-prod,720
profile-api-19,10.3.17.45,e2-medium,2,4.0 GB,50 GB,RUNNING,jioengage,prod,profile,bigticket-prod,720
profile-api-2,10.3.17.28,e2-medium,2,4.0 GB,50 GB,RUNNING,jioengage,prod,profile,bigticket-prod,720
profile-api-20,10.3.17.46,e2-medium,2,4.0 GB,50 GB,RUNNING,jioengage,prod,profile,bigticket-prod,720
profile-api-21,10.3.17.199,n2-custom-2-4096,2,4.0 GB,50 GB,RUNNING,jioengage,prod,profile,bigticket-prod,720
profile-api-22,10.3.17.200,n2-custom-2-4096,2,4.0 GB,50 GB,RUNNING,jioengage,prod,profile,bigticket-prod,720
profile-api-23,10.3.17.201,n2-custom-2-4096,2,4.0 GB,50 GB,RUNNING,jioengage,prod,profile,bigticket-prod,720
profile-api-24,10.3.17.202,n2-custom-2-4096,2,4.0 GB,50 GB,RUNNING,jioengage,prod,profile,bigticket-prod,720
profile-api-25,10.3.17.203,n2-custom-2-4096,2,4.0 GB,50 GB,RUNNING,jioengage,prod,profile,bigticket-prod,720
profile-api-3,10.3.17.29,e2-medium,2,4.0 GB,50 GB,RUNNING,jioengage,prod,profile,bigticket-prod,720
profile-api-4,10.3.17.30,e2-medium,2,4.0 GB,50 GB,RUNNING,jioengage,prod,profile,bigticket-prod,720
profile-api-5,10.3.17.31,e2-medium,2,4.0 GB,50 GB,RUNNING,jioengage,prod,profile,bigticket-prod,720
profile-api-6,10.3.17.32,e2-medium,2,4.0 GB,50 GB,RUNNING,jioengage,prod,profile,bigticket-prod,720
profile-api-7,10.3.17.33,e2-medium,2,4.0 GB,50 GB,RUNNING,jioengage,prod,profile,bigticket-prod,720
profile-api-8,10.3.17.34,e2-medium,2,4.0 GB,50 GB,RUNNING,jioengage,prod,profile,bigticket-prod,720
profile-api-9,10.3.17.35,e2-medium,2,4.0 GB,50 GB,RUNNING,jioengage,prod,profile,bigticket-prod,720
profile-mongo-1,10.3.1.2,n2-highmem-16,16,128.0 GB,300 GB,RUNNING,jioengage,prod,profile,bigticket-prod,720
profile-mongo-2,10.3.1.3,n2-highmem-16,16,128.0 GB,200 GB,RUNNING,jioengage,prod,profile,bigticket-prod,720
profile-rabbitmq,10.3.3.2,n2-standard-2,2,8.0 GB,30 GB,RUNNING,jioengage,prod,profile,bigticket-prod,720
regularcoupon-prod-mongo-master,10.3.1.35,n2-highmem-8,8,64.0 GB,300 GB,RUNNING,jcn,prod,playnwin-4,jcn-prod,720
regularcoupon-prod-mongo-replica,10.3.1.36,n2-highmem-8,8,64.0 GB,300 GB,RUNNING,jcn,prod,playnwin-4,jcn-prod,720
siem-autoscale,10.2.3.83,e2-medium,2,4.0 GB,30 GB,TERMINATED,jioengage,dev,devops,devops,308
siem-autoscale-instance-group-d72w,10.2.3.23,e2-medium,2,4.0 GB,50 GB,RUNNING,jioengage,dev,devops,devops,308
ss-prod-admin,10.3.2.30,e2-medium,2,4.0 GB,50 GB,TERMINATED,jioengage,prod,super-sqad,bigticket-prod,720
ss-prod-app-1,10.3.16.30,e2-standard-8,8,32.0 GB,50 GB,TERMINATED,jioengage,prod,super-sqad,bigticket-prod,720
ss-prod-app-10,10.3.16.177,e2-standard-8,8,32.0 GB,50 GB,TERMINATED,jioengage,prod,super-sqad,bigticket-prod,720
ss-prod-app-2,10.3.16.31,e2-standard-8,8,32.0 GB,50 GB,TERMINATED,jioengage,prod,super-sqad,bigticket-prod,720
ss-prod-app-3,10.3.16.170,e2-standard-8,8,32.0 GB,50 GB,TERMINATED,jioengage,prod,super-sqad,bigticket-prod,720
ss-prod-app-4,10.3.16.171,e2-standard-8,8,32.0 GB,50 GB,TERMINATED,jioengage,prod,super-sqad,bigticket-prod,720
ss-prod-app-5,10.3.16.172,e2-standard-8,8,32.0 GB,50 GB,TERMINATED,jioengage,prod,super-sqad,bigticket-prod,720
ss-prod-app-6,10.3.16.173,e2-standard-8,8,32.0 GB,50 GB,TERMINATED,jioengage,prod,super-sqad,bigticket-prod,720
ss-prod-app-7,10.3.16.174,e2-standard-8,8,32.0 GB,50 GB,TERMINATED,jioengage,prod,super-sqad,bigticket-prod,720
ss-prod-app-8,10.3.16.175,e2-standard-8,8,32.0 GB,50 GB,TERMINATED,jioengage,prod,super-sqad,bigticket-prod,720
ss-prod-app-9,10.3.16.176,e2-standard-8,8,32.0 GB,50 GB,TERMINATED,jioengage,prod,super-sqad,bigticket-prod,720
ss-prod-mongo-master,10.3.1.9,e2-medium,2,4.0 GB,150 GB,TERMINATED,jioengage,prod,super-sqad,bigticket-prod,720
ss-prod-mongo-slave,10.3.1.10,e2-medium,2,4.0 GB,150 GB,TERMINATED,jioengage,prod,super-sqad,bigticket-prod,720
ss-prod-rabbitmq,10.3.3.12,e2-medium,2,4.0 GB,30 GB,TERMINATED,jioengage,prod,super-sqad,bigticket-prod,720
stb-admin,10.3.2.32,e2-medium,2,4.0 GB,50 GB,TERMINATED,jioengage,prod,stb,bigticket-prod,720
stb-ha-1,10.3.9.41,e2-micro,2,1.0 GB,30 GB,TERMINATED,jioengage,prod,stb,bigticket-prod,720
stb-mongo,10.3.1.14,e2-standard-2,2,8.0 GB,50 GB,TERMINATED,jioengage,prod,stb,bigticket-prod,720
stb-qa,10.2.3.19,e2-small,2,2.0 GB,30 GB,RUNNING,jioengage,dev,stb,bigticket-dev,308
stb-sc-app1,10.3.16.179,e2-medium,2,4.0 GB,50 GB,TERMINATED,jioengage,prod,stb,bigticket-prod,720
stb-sc-app2,10.3.16.180,e2-medium,2,4.0 GB,50 GB,TERMINATED,jioengage,prod,stb,bigticket-prod,720
stb-stage,10.2.3.26,e2-custom-2-4096,2,4.0 GB,50 GB,TERMINATED,jioengage,dev,stb,bigticket-dev,308
tambola-admin,10.3.2.25,e2-medium,2,4.0 GB,50 GB,RUNNING,jioengage,prod,tambola,bigticket-prod,720
tambola-folic-dev-2,10.2.3.75,e2-medium,2,4.0 GB,40 GB,RUNNING,jioengage,dev,diy,bigticket-dev,308
tambola-frolic-admin-1,10.3.2.226,n2-custom-2-4096,2,4.0 GB,50 GB,RUNNING,jioengage,prod,tambola-frolic,bigticket-prod,720
tambola-frolic-api,10.3.16.153,e2-custom-2-4096,2,4.0 GB,50 GB,RUNNING,jioengage,prod,tambola-frolic,bigticket-prod,720
tambola-frolic-api-2,10.3.16.150,e2-custom-2-4096,2,4.0 GB,50 GB,RUNNING,jioengage,prod,tambola,bigticket-prod,720
tambola-frolic-api-3,10.3.16.151,e2-custom-2-4096,2,4.0 GB,50 GB,RUNNING,jioengage,prod,tambola,bigticket-prod,720
tambola-frolic-api-4,10.3.16.152,e2-custom-2-4096,2,4.0 GB,50 GB,RUNNING,jioengage,prod,tambola,bigticket-prod,720
tambola-frolic-ha1,10.3.8.25,e2-highcpu-2,2,2.0 GB,30 GB,RUNNING,jioengage,prod,tambola-frolic,bigticket-prod,720
tambola-frolic-ha2,10.3.8.24,e2-highcpu-2,2,2.0 GB,30 GB,RUNNING,jioengage,prod,tambola-frolic,bigticket-prod,720
tambola-frolic-mongo-master-1,10.3.1.52,n2-custom-4-8192,4,8.0 GB,50 GB,RUNNING,jioengage,prod,tambola,bigticket-prod,720
tambola-frolic-mongo-replica-1,10.3.1.51,n2-custom-4-8192,4,8.0 GB,50 GB,RUNNING,jioengage,prod,tambola,bigticket-prod,720
tambola-frolic-rabbitmq-1,10.3.3.29,n2-custom-2-4096,2,4.0 GB,30 GB,RUNNING,jioengage,prod,tambola-frolic,bigticket-prod,720
tambola-frolic-redis-1,10.3.4.42,e2-small,2,2.0 GB,30 GB,RUNNING,jioengage,prod,,brand-prod,720
tambola-ha,10.3.8.3,e2-micro,2,1.0 GB,30 GB,RUNNING,jioengage,prod,tambola,bigticket-prod,720
tambola-ha-2,10.3.9.47,e2-micro,2,1.0 GB,30 GB,RUNNING,jioengage,prod,tambola,bigticket-prod,720
tambola-ha-3,10.3.9.48,e2-micro,2,1.0 GB,30 GB,TERMINATED,jioengage,prod,tambola,bigticket-prod,720
tambola-ha-4,10.3.9.49,e2-micro,2,1.0 GB,30 GB,TERMINATED,jioengage,prod,tambola,bigticket-prod,720
tambola-ha-5,10.3.9.50,e2-micro,2,1.0 GB,30 GB,TERMINATED,jioengage,prod,tambola,bigticket-prod,720
tambola-mongo,10.3.1.8,e2-standard-4,4,16.0 GB,150 GB,RUNNING,jioengage,prod,tambola,bigticket-prod,720
tambola-sc,10.3.16.9,e2-medium,2,4.0 GB,50 GB,RUNNING,jioengage,prod,tambola,bigticket-prod,720
tambola-sc-10,10.3.16.206,e2-medium,2,4.0 GB,50 GB,TERMINATED,jioengage,prod,tambola,bigticket-prod,720
tambola-sc-2,10.3.16.198,e2-medium,2,4.0 GB,50 GB,RUNNING,jioengage,prod,tambola,bigticket-prod,720
tambola-sc-3,10.3.16.199,e2-medium,2,4.0 GB,50 GB,RUNNING,jioengage,prod,tambola,bigticket-prod,720
tambola-sc-4,10.3.16.200,e2-medium,2,4.0 GB,50 GB,RUNNING,jioengage,prod,tambola,bigticket-prod,720
tambola-sc-5,10.3.16.201,e2-medium,2,4.0 GB,50 GB,TERMINATED,jioengage,prod,tambola,bigticket-prod,720
tambola-sc-6,10.3.16.202,e2-medium,2,4.0 GB,50 GB,TERMINATED,jioengage,prod,tambola,bigticket-prod,720
tambola-sc-7,10.3.16.203,e2-medium,2,4.0 GB,50 GB,TERMINATED,jioengage,prod,tambola,bigticket-prod,720
tambola-sc-8,10.3.16.204,e2-medium,2,4.0 GB,50 GB,TERMINATED,jioengage,prod,tambola,bigticket-prod,720
tambola-sc-9,10.3.16.205,e2-medium,2,4.0 GB,50 GB,TERMINATED,jioengage,prod,tambola,bigticket-prod,720
tambola3-admin,10.3.2.49,n2-custom-2-4096,2,4.0 GB,50 GB,RUNNING,jioengage,prod,tambola,bigticket-prod,720
tambola3-admin-testing,10.2.3.61,n2-custom-2-4096,2,4.0 GB,30 GB,TERMINATED,jioengage,dev,tambola,devops,308
tambola3-ha,10.3.8.9,n2-highcpu-2,2,2.0 GB,30 GB,RUNNING,jioengage,prod,tambola,bigticket-prod,720
tambola3-ha-2,10.3.8.18,n2-highcpu-2,2,2.0 GB,30 GB,RUNNING,jioengage,prod,tambola,bigticket-prod,720
tambola3-ha-3,10.3.8.176,n2-highcpu-2,2,2.0 GB,30 GB,TERMINATED,jioengage,prod,tambola,bigticket-prod,720
tambola3-ha-4,10.3.8.195,n2-highcpu-2,2,2.0 GB,30 GB,TERMINATED,jioengage,prod,tambola,bigticket-prod,720
tambola3-ha-5,10.3.8.197,n2-highcpu-2,2,2.0 GB,30 GB,TERMINATED,jioengage,prod,tambola,bigticket-prod,720
tambola3-ha-jenkins,10.2.3.67,e2-small,2,2.0 GB,30 GB,TERMINATED,jioengage,dev,tambola,devops,308
tambola3-mongo-master,10.3.1.25,n2-custom-4-8192,4,8.0 GB,50 GB,RUNNING,jioengage,prod,tambola,bigticket-prod,720
tambola3-mongo-replica,10.3.1.26,n2-custom-4-8192,4,8.0 GB,50 GB,RUNNING,jioengage,prod,tambola,bigticket-prod,720
tambola3-sc-1,10.3.17.138,n2-custom-2-4096,2,4.0 GB,50 GB,RUNNING,jioengage,prod,tambola,bigticket-prod,720
tambola3-sc-10,10.3.17.157,n2-custom-2-4096,2,4.0 GB,50 GB,TERMINATED,jioengage,prod,tambola,bigticket-prod,720
tambola3-sc-2,10.3.17.137,n2-custom-2-4096,2,4.0 GB,50 GB,RUNNING,jioengage,prod,tambola,bigticket-prod,720
tambola3-sc-3,10.3.17.150,n2-custom-2-4096,2,4.0 GB,50 GB,RUNNING,jioengage,prod,tambola,bigticket-prod,720
tambola3-sc-4,10.3.17.151,n2-custom-2-4096,2,4.0 GB,50 GB,RUNNING,jioengage,prod,tambola,bigticket-prod,720
tambola3-sc-5,10.3.17.152,n2-custom-2-4096,2,4.0 GB,50 GB,TERMINATED,jioengage,prod,tambola,bigticket-prod,720
tambola3-sc-6,10.3.17.153,n2-custom-2-4096,2,4.0 GB,50 GB,TERMINATED,jioengage,prod,tambola,bigticket-prod,720
tambola3-sc-7,10.3.17.154,n2-custom-2-4096,2,4.0 GB,50 GB,TERMINATED,jioengage,prod,tambola,bigticket-prod,720
tambola3-sc-8,10.3.17.155,n2-custom-2-4096,2,4.0 GB,50 GB,TERMINATED,jioengage,prod,tambola,bigticket-prod,720
tambola3-sc-9,10.3.17.156,n2-custom-2-4096,2,4.0 GB,50 GB,TERMINATED,jioengage,prod,tambola,bigticket-prod,720
tambola3-sc-jenkins,10.2.3.55,n2-custom-2-4096,2,4.0 GB,30 GB,TERMINATED,jioengage,dev,tambola,devops,308
transcode-server-gpu-prod-spot-instance-group-zztg,10.146.1.14,n1-standard-2,2,7.5 GB,500 GB,RUNNING,jiogames,prod,,,720
transcode-server-gpu-stage-spot-instance-group-1-3g4x,10.147.1.77,custom-1-4096,1,4.0 GB,300 GB,RUNNING,jiogames,stage,watch,jiowatch-stage,308
transcode-server-gpu-stage-spot-instance-group-1-tll5,10.147.1.92,custom-2-4096,2,4.0 GB,300 GB,RUNNING,jiogames,stage,watch,jiowatch-stage,308
twemproxy-1,10.3.8.4,e2-medium,2,4.0 GB,30 GB,TERMINATED,jioengage,prod,common,devops,720
ugc-admin,10.3.2.26,e2-medium,2,4.0 GB,50 GB,RUNNING,jioengage,prod,ugc,brand-prod,720
ugc-appserver,10.3.16.10,e2-medium,2,4.0 GB,50 GB,TERMINATED,jioengage,prod,ugc,brand-prod,720
ugc-appserver-1,10.3.16.208,e2-medium,2,4.0 GB,50 GB,RUNNING,jioengage,prod,ugc,brand-prod,720
ugc-appserver-2,10.3.16.207,e2-medium,2,4.0 GB,50 GB,RUNNING,jioengage,prod,ugc,brand-prod,720
ugc-rabbitmq,10.3.3.10,e2-medium,2,4.0 GB,30 GB,RUNNING,jioengage,prod,ugc,brand-prod,720
ugc-redis,10.3.4.29,n2-custom-2-4096,2,4.0 GB,30 GB,RUNNING,jioengage,prod,ugc,brand-prod,720
voting1-admin-1,10.3.2.37,e2-small,2,2.0 GB,50 GB,RUNNING,jioengage,prod,bigboss,brand-prod,720
voting1-admin-2,10.3.2.38,e2-small,2,2.0 GB,50 GB,RUNNING,jioengage,prod,bigboss,brand-prod,720
voting1-appserver-1,10.3.16.185,e2-highcpu-4,4,4.0 GB,100 GB,RUNNING,jioengage,prod,bigboss,brand-prod,720
voting1-appserver-10,10.3.17.180,n2-standard-16,16,64.0 GB,1024 GB,TERMINATED,jioengage,prod,bigboss,brand-prod,720
voting1-appserver-2,10.3.16.186,e2-highcpu-4,4,4.0 GB,100 GB,RUNNING,jioengage,prod,bigboss,brand-prod,720
voting1-appserver-3,10.3.17.173,n2-standard-16,16,64.0 GB,1024 GB,TERMINATED,jioengage,prod,bigboss,brand-prod,720
voting1-appserver-4,10.3.17.174,n2-standard-16,16,64.0 GB,1024 GB,TERMINATED,jioengage,prod,bigboss,brand-prod,720
voting1-appserver-5,10.3.17.175,n2-standard-16,16,64.0 GB,1024 GB,TERMINATED,jioengage,prod,bigboss,brand-prod,720
voting1-appserver-6,10.3.17.176,n2-standard-16,16,64.0 GB,1024 GB,TERMINATED,jioengage,prod,bigboss,brand-prod,720
voting1-appserver-7,10.3.17.177,n2-standard-16,16,64.0 GB,1024 GB,TERMINATED,jioengage,prod,bigboss,brand-prod,720
voting1-appserver-8,10.3.17.178,n2-standard-16,16,64.0 GB,1024 GB,TERMINATED,jioengage,prod,bigboss,brand-prod,720
voting1-appserver-9,10.3.17.179,n2-standard-16,16,64.0 GB,1024 GB,TERMINATED,jioengage,prod,bigboss,brand-prod,720
voting1-rabbitmq,10.3.3.15,e2-medium,2,4.0 GB,30 GB,RUNNING,jioengage,prod,bigboss,brand-prod,720
voting1-redis-1,10.3.4.25,e2-small,2,2.0 GB,30 GB,RUNNING,jioengage,prod,bigboss,brand-prod,720
voting1-redis-2,10.3.4.26,e2-custom-2-4096,2,4.0 GB,30 GB,RUNNING,jioengage,prod,bigboss,brand-prod,720
watchparty-engage-appserver-1,10.3.17.184,n2-custom-2-4096,2,4.0 GB,50 GB,TERMINATED,jioengage,prod,watchparty,bigticket-prod,720
watchparty-engage-appserver-2,10.3.16.3,n2-custom-2-4096,2,4.0 GB,50 GB,TERMINATED,jioengage,prod,watchparty,bigticket-prod,720
watchparty-engage-mongo-master,10.3.1.38,n2-standard-4,4,16.0 GB,100 GB,RUNNING,jioengage,prod,watchparty,bigticket-prod,720
watchparty-engage-mongo-replica,10.3.1.39,n2-standard-4,4,16.0 GB,100 GB,RUNNING,jioengage,prod,watchparty,bigticket-prod,720
watchparty-engage-prod-redis,10.3.4.34,n2-custom-2-4096,2,4.0 GB,30 GB,RUNNING,jioengage,prod,watchparty,bigticket-prod,720
watchparty-engage-rabbitmq,10.3.3.22,n2-highcpu-2,2,2.0 GB,50 GB,RUNNING,jioengage,prod,watchparty,bigticket-prod,720
watchparty-poc-appserver-1,10.3.16.57,n2-custom-2-4096,2,4.0 GB,50 GB,TERMINATED,jioengage,prod,watchparty,bigticket-prod,720
watchparty-poc-appserver-2,10.3.16.58,n2-custom-2-4096,2,4.0 GB,50 GB,TERMINATED,jioengage,prod,watchparty,bigticket-prod,720
watchparty-poc-mongo-master,10.3.1.40,n2-standard-8,8,32.0 GB,100 GB,RUNNING,jioengage,prod,watchparty,bigticket-prod,720
watchparty-poc-mongo-replica,10.3.1.41,n2-standard-4,4,16.0 GB,100 GB,RUNNING,jioengage,prod,watchparty,bigticket-prod,720
watchparty-poc-rabbitmq,10.3.3.25,n2-highcpu-2,2,2.0 GB,50 GB,RUNNING,jioengage,prod,watchparty,bigticket-prod,720
watchparty-poc-redis,10.3.4.40,n2-custom-2-4096,2,4.0 GB,30 GB,RUNNING,jioengage,prod,watchparty,bigticket-prod,720
xp-dev,10.2.3.11,e2-medium,2,4.0 GB,30 GB,RUNNING,jioengage,dev,profile,bigticket-dev,308
